<?xml version="1.0" encoding="utf-8"?><feed xmlns="http://www.w3.org/2005/Atom" xml:lang="es"><generator uri="https://jekyllrb.com/" version="3.4.2">Jekyll</generator><link href="http://localhost:4000/feed.xml" rel="self" type="application/atom+xml" /><link href="http://localhost:4000/" rel="alternate" type="text/html" hreflang="es" /><updated>2017-04-20T09:43:06-06:00</updated><id>http://localhost:4000/</id><title type="html">Sergio Flores</title><subtitle>Blog personal y curiosidades de todos los días.</subtitle><entry><title type="html">Utiliza npm v3.x sin la barra de progreso y obtendrás una instalación más rápida</title><link href="http://localhost:4000/blog/2016/01/27/utiliza-npm-v3.x-sin-la-barra-de-progreso-y-obtendras-una-instalacion-mas-rapida/" rel="alternate" type="text/html" title="Utiliza npm v3.x sin la barra de progreso y obtendrás una instalación más rápida" /><published>2016-01-27T06:02:00-07:00</published><updated>2016-01-27T06:02:00-07:00</updated><id>http://localhost:4000/blog/2016/01/27/utiliza-npm-v3.x-sin-la-barra-de-progreso-y-obtendras-una-instalacion-mas-rapida</id><content type="html" xml:base="http://localhost:4000/blog/2016/01/27/utiliza-npm-v3.x-sin-la-barra-de-progreso-y-obtendras-una-instalacion-mas-rapida/">&lt;p class=&quot;center-image&quot;&gt;&lt;img src=&quot;/images/posts/npm-progress-bar-twitter.png&quot; alt=&quot;Barra de progreso de npm&quot; /&gt;&lt;/p&gt;

&lt;p&gt;Cada que ejecutamos un comando &lt;code class=&quot;highlighter-rouge&quot;&gt;npm install&lt;/code&gt; con la versión 3 de npm  podemos
ver una bonita barra de progreso que nos dice el porcentaje que lleva la
instalación de las dependencias que estamos instalando.&lt;/p&gt;

&lt;p&gt;Con o sin barra de progreso &lt;a href=&quot;https://www.npmjs.com/package/npm&quot;&gt;npm&lt;/a&gt; se ha vuelto más lento desde la salida de la
versión 3. Tanto así que desde hace algún tiempo alguién ha creado una versión
alternativa para manejar los paquetes de node.js llamada &lt;a href=&quot;http://gugel.io/ied/&quot;&gt;ied&lt;/a&gt; con el objetivo
de obtener un mayor rendimiento.&lt;/p&gt;

&lt;p&gt;Seamos claros, &lt;code class=&quot;highlighter-rouge&quot;&gt;npm install&lt;/code&gt; es el comando que con mayor frecuencia utilizamos,
por lo menos deberia hacerlo bien ¿o no?&lt;/p&gt;

&lt;p&gt;Vamos a realizar un ejemplo instalando una cantidad significativa de dependencias
utilizando y no la barra de progreso. El listado de dependencias es el siguiente:&lt;/p&gt;

&lt;figure class=&quot;highlight&quot;&gt;&lt;pre&gt;&lt;code class=&quot;language-json&quot; data-lang=&quot;json&quot;&gt;&lt;span class=&quot;p&quot;&gt;{&lt;/span&gt;&lt;span class=&quot;w&quot;&gt;
  &lt;/span&gt;&lt;span class=&quot;nt&quot;&gt;&quot;assets-webpack-plugin&quot;&lt;/span&gt;&lt;span class=&quot;p&quot;&gt;:&lt;/span&gt;&lt;span class=&quot;w&quot;&gt; &lt;/span&gt;&lt;span class=&quot;s2&quot;&gt;&quot;^3.2.0&quot;&lt;/span&gt;&lt;span class=&quot;p&quot;&gt;,&lt;/span&gt;&lt;span class=&quot;w&quot;&gt;
  &lt;/span&gt;&lt;span class=&quot;nt&quot;&gt;&quot;babel-cli&quot;&lt;/span&gt;&lt;span class=&quot;p&quot;&gt;:&lt;/span&gt;&lt;span class=&quot;w&quot;&gt; &lt;/span&gt;&lt;span class=&quot;s2&quot;&gt;&quot;^6.4.5&quot;&lt;/span&gt;&lt;span class=&quot;p&quot;&gt;,&lt;/span&gt;&lt;span class=&quot;w&quot;&gt;
  &lt;/span&gt;&lt;span class=&quot;nt&quot;&gt;&quot;babel-loader&quot;&lt;/span&gt;&lt;span class=&quot;p&quot;&gt;:&lt;/span&gt;&lt;span class=&quot;w&quot;&gt; &lt;/span&gt;&lt;span class=&quot;s2&quot;&gt;&quot;^6.2.1&quot;&lt;/span&gt;&lt;span class=&quot;p&quot;&gt;,&lt;/span&gt;&lt;span class=&quot;w&quot;&gt;
  &lt;/span&gt;&lt;span class=&quot;nt&quot;&gt;&quot;babel-preset-es2015&quot;&lt;/span&gt;&lt;span class=&quot;p&quot;&gt;:&lt;/span&gt;&lt;span class=&quot;w&quot;&gt; &lt;/span&gt;&lt;span class=&quot;s2&quot;&gt;&quot;^6.3.13&quot;&lt;/span&gt;&lt;span class=&quot;p&quot;&gt;,&lt;/span&gt;&lt;span class=&quot;w&quot;&gt;
  &lt;/span&gt;&lt;span class=&quot;nt&quot;&gt;&quot;babel-preset-react&quot;&lt;/span&gt;&lt;span class=&quot;p&quot;&gt;:&lt;/span&gt;&lt;span class=&quot;w&quot;&gt; &lt;/span&gt;&lt;span class=&quot;s2&quot;&gt;&quot;^6.3.13&quot;&lt;/span&gt;&lt;span class=&quot;p&quot;&gt;,&lt;/span&gt;&lt;span class=&quot;w&quot;&gt;
  &lt;/span&gt;&lt;span class=&quot;nt&quot;&gt;&quot;classnames&quot;&lt;/span&gt;&lt;span class=&quot;p&quot;&gt;:&lt;/span&gt;&lt;span class=&quot;w&quot;&gt; &lt;/span&gt;&lt;span class=&quot;s2&quot;&gt;&quot;^2.2.3&quot;&lt;/span&gt;&lt;span class=&quot;p&quot;&gt;,&lt;/span&gt;&lt;span class=&quot;w&quot;&gt;
  &lt;/span&gt;&lt;span class=&quot;nt&quot;&gt;&quot;clean-webpack-plugin&quot;&lt;/span&gt;&lt;span class=&quot;p&quot;&gt;:&lt;/span&gt;&lt;span class=&quot;w&quot;&gt; &lt;/span&gt;&lt;span class=&quot;s2&quot;&gt;&quot;^0.1.6&quot;&lt;/span&gt;&lt;span class=&quot;p&quot;&gt;,&lt;/span&gt;&lt;span class=&quot;w&quot;&gt;
  &lt;/span&gt;&lt;span class=&quot;nt&quot;&gt;&quot;css-loader&quot;&lt;/span&gt;&lt;span class=&quot;p&quot;&gt;:&lt;/span&gt;&lt;span class=&quot;w&quot;&gt; &lt;/span&gt;&lt;span class=&quot;s2&quot;&gt;&quot;^0.23.1&quot;&lt;/span&gt;&lt;span class=&quot;p&quot;&gt;,&lt;/span&gt;&lt;span class=&quot;w&quot;&gt;
  &lt;/span&gt;&lt;span class=&quot;nt&quot;&gt;&quot;eslint&quot;&lt;/span&gt;&lt;span class=&quot;p&quot;&gt;:&lt;/span&gt;&lt;span class=&quot;w&quot;&gt; &lt;/span&gt;&lt;span class=&quot;s2&quot;&gt;&quot;^1.10.3&quot;&lt;/span&gt;&lt;span class=&quot;p&quot;&gt;,&lt;/span&gt;&lt;span class=&quot;w&quot;&gt;
  &lt;/span&gt;&lt;span class=&quot;nt&quot;&gt;&quot;eslint-config-airbnb&quot;&lt;/span&gt;&lt;span class=&quot;p&quot;&gt;:&lt;/span&gt;&lt;span class=&quot;w&quot;&gt; &lt;/span&gt;&lt;span class=&quot;s2&quot;&gt;&quot;^4.0.0&quot;&lt;/span&gt;&lt;span class=&quot;p&quot;&gt;,&lt;/span&gt;&lt;span class=&quot;w&quot;&gt;
  &lt;/span&gt;&lt;span class=&quot;nt&quot;&gt;&quot;eslint-loader&quot;&lt;/span&gt;&lt;span class=&quot;p&quot;&gt;:&lt;/span&gt;&lt;span class=&quot;w&quot;&gt; &lt;/span&gt;&lt;span class=&quot;s2&quot;&gt;&quot;^1.2.0&quot;&lt;/span&gt;&lt;span class=&quot;p&quot;&gt;,&lt;/span&gt;&lt;span class=&quot;w&quot;&gt;
  &lt;/span&gt;&lt;span class=&quot;nt&quot;&gt;&quot;eslint-plugin-react&quot;&lt;/span&gt;&lt;span class=&quot;p&quot;&gt;:&lt;/span&gt;&lt;span class=&quot;w&quot;&gt; &lt;/span&gt;&lt;span class=&quot;s2&quot;&gt;&quot;^3.16.1&quot;&lt;/span&gt;&lt;span class=&quot;p&quot;&gt;,&lt;/span&gt;&lt;span class=&quot;w&quot;&gt;
  &lt;/span&gt;&lt;span class=&quot;nt&quot;&gt;&quot;extract-text-webpack-plugin&quot;&lt;/span&gt;&lt;span class=&quot;p&quot;&gt;:&lt;/span&gt;&lt;span class=&quot;w&quot;&gt; &lt;/span&gt;&lt;span class=&quot;s2&quot;&gt;&quot;^1.0.1&quot;&lt;/span&gt;&lt;span class=&quot;p&quot;&gt;,&lt;/span&gt;&lt;span class=&quot;w&quot;&gt;
  &lt;/span&gt;&lt;span class=&quot;nt&quot;&gt;&quot;flexbox-grid&quot;&lt;/span&gt;&lt;span class=&quot;p&quot;&gt;:&lt;/span&gt;&lt;span class=&quot;w&quot;&gt; &lt;/span&gt;&lt;span class=&quot;s2&quot;&gt;&quot;^1.0.0&quot;&lt;/span&gt;&lt;span class=&quot;p&quot;&gt;,&lt;/span&gt;&lt;span class=&quot;w&quot;&gt;
  &lt;/span&gt;&lt;span class=&quot;nt&quot;&gt;&quot;flexboxgrid&quot;&lt;/span&gt;&lt;span class=&quot;p&quot;&gt;:&lt;/span&gt;&lt;span class=&quot;w&quot;&gt; &lt;/span&gt;&lt;span class=&quot;s2&quot;&gt;&quot;^6.3.0&quot;&lt;/span&gt;&lt;span class=&quot;p&quot;&gt;,&lt;/span&gt;&lt;span class=&quot;w&quot;&gt;
  &lt;/span&gt;&lt;span class=&quot;nt&quot;&gt;&quot;h2o2&quot;&lt;/span&gt;&lt;span class=&quot;p&quot;&gt;:&lt;/span&gt;&lt;span class=&quot;w&quot;&gt; &lt;/span&gt;&lt;span class=&quot;s2&quot;&gt;&quot;^5.0.0&quot;&lt;/span&gt;&lt;span class=&quot;p&quot;&gt;,&lt;/span&gt;&lt;span class=&quot;w&quot;&gt;
  &lt;/span&gt;&lt;span class=&quot;nt&quot;&gt;&quot;hapi&quot;&lt;/span&gt;&lt;span class=&quot;p&quot;&gt;:&lt;/span&gt;&lt;span class=&quot;w&quot;&gt; &lt;/span&gt;&lt;span class=&quot;s2&quot;&gt;&quot;^12.1.0&quot;&lt;/span&gt;&lt;span class=&quot;p&quot;&gt;,&lt;/span&gt;&lt;span class=&quot;w&quot;&gt;
  &lt;/span&gt;&lt;span class=&quot;nt&quot;&gt;&quot;hapi-webpack-plugin&quot;&lt;/span&gt;&lt;span class=&quot;p&quot;&gt;:&lt;/span&gt;&lt;span class=&quot;w&quot;&gt; &lt;/span&gt;&lt;span class=&quot;s2&quot;&gt;&quot;^1.3.0&quot;&lt;/span&gt;&lt;span class=&quot;p&quot;&gt;,&lt;/span&gt;&lt;span class=&quot;w&quot;&gt;
  &lt;/span&gt;&lt;span class=&quot;nt&quot;&gt;&quot;history&quot;&lt;/span&gt;&lt;span class=&quot;p&quot;&gt;:&lt;/span&gt;&lt;span class=&quot;w&quot;&gt; &lt;/span&gt;&lt;span class=&quot;s2&quot;&gt;&quot;^1.17.0&quot;&lt;/span&gt;&lt;span class=&quot;p&quot;&gt;,&lt;/span&gt;&lt;span class=&quot;w&quot;&gt;
  &lt;/span&gt;&lt;span class=&quot;nt&quot;&gt;&quot;html-webpack-plugin&quot;&lt;/span&gt;&lt;span class=&quot;p&quot;&gt;:&lt;/span&gt;&lt;span class=&quot;w&quot;&gt; &lt;/span&gt;&lt;span class=&quot;s2&quot;&gt;&quot;^2.7.2&quot;&lt;/span&gt;&lt;span class=&quot;p&quot;&gt;,&lt;/span&gt;&lt;span class=&quot;w&quot;&gt;
  &lt;/span&gt;&lt;span class=&quot;nt&quot;&gt;&quot;inert&quot;&lt;/span&gt;&lt;span class=&quot;p&quot;&gt;:&lt;/span&gt;&lt;span class=&quot;w&quot;&gt; &lt;/span&gt;&lt;span class=&quot;s2&quot;&gt;&quot;^3.2.0&quot;&lt;/span&gt;&lt;span class=&quot;p&quot;&gt;,&lt;/span&gt;&lt;span class=&quot;w&quot;&gt;
  &lt;/span&gt;&lt;span class=&quot;nt&quot;&gt;&quot;isomorphic-fetch&quot;&lt;/span&gt;&lt;span class=&quot;p&quot;&gt;:&lt;/span&gt;&lt;span class=&quot;w&quot;&gt; &lt;/span&gt;&lt;span class=&quot;s2&quot;&gt;&quot;^2.2.1&quot;&lt;/span&gt;&lt;span class=&quot;p&quot;&gt;,&lt;/span&gt;&lt;span class=&quot;w&quot;&gt;
  &lt;/span&gt;&lt;span class=&quot;nt&quot;&gt;&quot;node-sass&quot;&lt;/span&gt;&lt;span class=&quot;p&quot;&gt;:&lt;/span&gt;&lt;span class=&quot;w&quot;&gt; &lt;/span&gt;&lt;span class=&quot;s2&quot;&gt;&quot;^3.4.2&quot;&lt;/span&gt;&lt;span class=&quot;p&quot;&gt;,&lt;/span&gt;&lt;span class=&quot;w&quot;&gt;
  &lt;/span&gt;&lt;span class=&quot;nt&quot;&gt;&quot;react&quot;&lt;/span&gt;&lt;span class=&quot;p&quot;&gt;:&lt;/span&gt;&lt;span class=&quot;w&quot;&gt; &lt;/span&gt;&lt;span class=&quot;s2&quot;&gt;&quot;^0.14.6&quot;&lt;/span&gt;&lt;span class=&quot;p&quot;&gt;,&lt;/span&gt;&lt;span class=&quot;w&quot;&gt;
  &lt;/span&gt;&lt;span class=&quot;nt&quot;&gt;&quot;react-dom&quot;&lt;/span&gt;&lt;span class=&quot;p&quot;&gt;:&lt;/span&gt;&lt;span class=&quot;w&quot;&gt; &lt;/span&gt;&lt;span class=&quot;s2&quot;&gt;&quot;^0.14.6&quot;&lt;/span&gt;&lt;span class=&quot;p&quot;&gt;,&lt;/span&gt;&lt;span class=&quot;w&quot;&gt;
  &lt;/span&gt;&lt;span class=&quot;nt&quot;&gt;&quot;react-flexbox-grid&quot;&lt;/span&gt;&lt;span class=&quot;p&quot;&gt;:&lt;/span&gt;&lt;span class=&quot;w&quot;&gt; &lt;/span&gt;&lt;span class=&quot;s2&quot;&gt;&quot;^0.9.2&quot;&lt;/span&gt;&lt;span class=&quot;p&quot;&gt;,&lt;/span&gt;&lt;span class=&quot;w&quot;&gt;
  &lt;/span&gt;&lt;span class=&quot;nt&quot;&gt;&quot;react-hot-loader&quot;&lt;/span&gt;&lt;span class=&quot;p&quot;&gt;:&lt;/span&gt;&lt;span class=&quot;w&quot;&gt; &lt;/span&gt;&lt;span class=&quot;s2&quot;&gt;&quot;^1.3.0&quot;&lt;/span&gt;&lt;span class=&quot;p&quot;&gt;,&lt;/span&gt;&lt;span class=&quot;w&quot;&gt;
  &lt;/span&gt;&lt;span class=&quot;nt&quot;&gt;&quot;react-redux&quot;&lt;/span&gt;&lt;span class=&quot;p&quot;&gt;:&lt;/span&gt;&lt;span class=&quot;w&quot;&gt; &lt;/span&gt;&lt;span class=&quot;s2&quot;&gt;&quot;^4.0.6&quot;&lt;/span&gt;&lt;span class=&quot;p&quot;&gt;,&lt;/span&gt;&lt;span class=&quot;w&quot;&gt;
  &lt;/span&gt;&lt;span class=&quot;nt&quot;&gt;&quot;react-router&quot;&lt;/span&gt;&lt;span class=&quot;p&quot;&gt;:&lt;/span&gt;&lt;span class=&quot;w&quot;&gt; &lt;/span&gt;&lt;span class=&quot;s2&quot;&gt;&quot;^1.0.3&quot;&lt;/span&gt;&lt;span class=&quot;p&quot;&gt;,&lt;/span&gt;&lt;span class=&quot;w&quot;&gt;
  &lt;/span&gt;&lt;span class=&quot;nt&quot;&gt;&quot;redux&quot;&lt;/span&gt;&lt;span class=&quot;p&quot;&gt;:&lt;/span&gt;&lt;span class=&quot;w&quot;&gt; &lt;/span&gt;&lt;span class=&quot;s2&quot;&gt;&quot;^3.0.6&quot;&lt;/span&gt;&lt;span class=&quot;p&quot;&gt;,&lt;/span&gt;&lt;span class=&quot;w&quot;&gt;
  &lt;/span&gt;&lt;span class=&quot;nt&quot;&gt;&quot;redux-router&quot;&lt;/span&gt;&lt;span class=&quot;p&quot;&gt;:&lt;/span&gt;&lt;span class=&quot;w&quot;&gt; &lt;/span&gt;&lt;span class=&quot;s2&quot;&gt;&quot;^1.0.0-beta7&quot;&lt;/span&gt;&lt;span class=&quot;p&quot;&gt;,&lt;/span&gt;&lt;span class=&quot;w&quot;&gt;
  &lt;/span&gt;&lt;span class=&quot;nt&quot;&gt;&quot;redux-thunk&quot;&lt;/span&gt;&lt;span class=&quot;p&quot;&gt;:&lt;/span&gt;&lt;span class=&quot;w&quot;&gt; &lt;/span&gt;&lt;span class=&quot;s2&quot;&gt;&quot;^1.0.3&quot;&lt;/span&gt;&lt;span class=&quot;p&quot;&gt;,&lt;/span&gt;&lt;span class=&quot;w&quot;&gt;
  &lt;/span&gt;&lt;span class=&quot;nt&quot;&gt;&quot;sass-loader&quot;&lt;/span&gt;&lt;span class=&quot;p&quot;&gt;:&lt;/span&gt;&lt;span class=&quot;w&quot;&gt; &lt;/span&gt;&lt;span class=&quot;s2&quot;&gt;&quot;^3.1.2&quot;&lt;/span&gt;&lt;span class=&quot;p&quot;&gt;,&lt;/span&gt;&lt;span class=&quot;w&quot;&gt;
  &lt;/span&gt;&lt;span class=&quot;nt&quot;&gt;&quot;strip-loader&quot;&lt;/span&gt;&lt;span class=&quot;p&quot;&gt;:&lt;/span&gt;&lt;span class=&quot;w&quot;&gt; &lt;/span&gt;&lt;span class=&quot;s2&quot;&gt;&quot;^0.1.1&quot;&lt;/span&gt;&lt;span class=&quot;p&quot;&gt;,&lt;/span&gt;&lt;span class=&quot;w&quot;&gt;
  &lt;/span&gt;&lt;span class=&quot;nt&quot;&gt;&quot;style-loader&quot;&lt;/span&gt;&lt;span class=&quot;p&quot;&gt;:&lt;/span&gt;&lt;span class=&quot;w&quot;&gt; &lt;/span&gt;&lt;span class=&quot;s2&quot;&gt;&quot;^0.13.0&quot;&lt;/span&gt;&lt;span class=&quot;p&quot;&gt;,&lt;/span&gt;&lt;span class=&quot;w&quot;&gt;
  &lt;/span&gt;&lt;span class=&quot;nt&quot;&gt;&quot;webpack&quot;&lt;/span&gt;&lt;span class=&quot;p&quot;&gt;:&lt;/span&gt;&lt;span class=&quot;w&quot;&gt; &lt;/span&gt;&lt;span class=&quot;s2&quot;&gt;&quot;^1.12.12&quot;&lt;/span&gt;&lt;span class=&quot;p&quot;&gt;,&lt;/span&gt;&lt;span class=&quot;w&quot;&gt;
  &lt;/span&gt;&lt;span class=&quot;nt&quot;&gt;&quot;webpack-dev-server&quot;&lt;/span&gt;&lt;span class=&quot;p&quot;&gt;:&lt;/span&gt;&lt;span class=&quot;w&quot;&gt; &lt;/span&gt;&lt;span class=&quot;s2&quot;&gt;&quot;^1.14.1&quot;&lt;/span&gt;&lt;span class=&quot;p&quot;&gt;,&lt;/span&gt;&lt;span class=&quot;w&quot;&gt;
  &lt;/span&gt;&lt;span class=&quot;nt&quot;&gt;&quot;webpack-hot-middleware&quot;&lt;/span&gt;&lt;span class=&quot;p&quot;&gt;:&lt;/span&gt;&lt;span class=&quot;w&quot;&gt; &lt;/span&gt;&lt;span class=&quot;s2&quot;&gt;&quot;^2.6.2&quot;&lt;/span&gt;&lt;span class=&quot;w&quot;&gt;
&lt;/span&gt;&lt;span class=&quot;p&quot;&gt;}&lt;/span&gt;&lt;/code&gt;&lt;/pre&gt;&lt;/figure&gt;

&lt;p&gt;Tomaremos el tiempo en cada ejecución y veremos que existe un ligero rendimiento
al instalar las dependencias sin mostrar la barra de progreso.&lt;/p&gt;

&lt;script type=&quot;text/javascript&quot; src=&quot;https://asciinema.org/a/34946.js&quot; id=&quot;asciicast-34946&quot; async=&quot;&quot;&gt;&lt;/script&gt;

&lt;p&gt;Con barra de progreso: 3 minutos con 8 segundos, sin barra de progreso &lt;strong&gt;2
minutos con 44 segundos&lt;/strong&gt;, esto es un 12% mas rápido.&lt;/p&gt;

&lt;p&gt;Toda esta controversia nacio de un
&lt;a href=&quot;https://github.com/npm/npm/issues/8826#issuecomment-155762361&quot;&gt;comentario en un issue en github&lt;/a&gt;
en donde el usuario &lt;a href=&quot;https://github.com/andrenarchy&quot;&gt;@andrenarchy&lt;/a&gt; publica lo siguiente:&lt;/p&gt;

&lt;figure class=&quot;highlight&quot;&gt;&lt;pre&gt;&lt;code class=&quot;language-sh&quot; data-lang=&quot;sh&quot;&gt;&lt;span class=&quot;gp&quot;&gt;$ &lt;/span&gt;npm &lt;span class=&quot;nb&quot;&gt;set &lt;/span&gt;&lt;span class=&quot;nv&quot;&gt;progress&lt;/span&gt;&lt;span class=&quot;o&quot;&gt;=&lt;/span&gt;&lt;span class=&quot;nb&quot;&gt;false&lt;/span&gt;
&lt;span class=&quot;gp&quot;&gt;$ &lt;/span&gt;rm -rf node_modules
&lt;span class=&quot;gp&quot;&gt;$ &lt;/span&gt;&lt;span class=&quot;nb&quot;&gt;time &lt;/span&gt;npm install
&lt;span class=&quot;o&quot;&gt;[&lt;/span&gt;...]
real    5m10.601s
user    4m56.435s
sys 0m36.003s

&lt;span class=&quot;gp&quot;&gt;$ &lt;/span&gt;npm &lt;span class=&quot;nb&quot;&gt;set &lt;/span&gt;&lt;span class=&quot;nv&quot;&gt;progress&lt;/span&gt;&lt;span class=&quot;o&quot;&gt;=&lt;/span&gt;&lt;span class=&quot;nb&quot;&gt;true&lt;/span&gt;
&lt;span class=&quot;gp&quot;&gt;$ &lt;/span&gt;rm -rf node_modules
&lt;span class=&quot;gp&quot;&gt;$ &lt;/span&gt;&lt;span class=&quot;nb&quot;&gt;time &lt;/span&gt;npm install
&lt;span class=&quot;o&quot;&gt;[&lt;/span&gt;...]
real    21m13.415s
user    20m36.752s
sys 0m42.010s&lt;/code&gt;&lt;/pre&gt;&lt;/figure&gt;

&lt;p&gt;¡Sin mostrar la barra de progreso reducimos el tiempo de instalación de &lt;strong&gt;21
minutos con 13 segundos&lt;/strong&gt; a &lt;strong&gt;5 minutos con 10 segundos&lt;/strong&gt;!&lt;/p&gt;

&lt;p&gt;Esa instalación probablemente contiene muchas dependencias, pero inclusive en el
&lt;a href=&quot;https://twitter.com/gavinjoyce/status/691773956144119808&quot;&gt;tweet que Gavin Joyce publicó&lt;/a&gt;
mostrando el mismo ejemplo, el tiempo de instalación de las dependencias se redujo
considerablemente de &lt;strong&gt;3 minutos con 35 segundos&lt;/strong&gt; a &lt;strong&gt;1 minuto con 53&lt;/strong&gt;.&lt;/p&gt;

&lt;blockquote class=&quot;twitter-tweet&quot; lang=&quot;en&quot;&gt;&lt;p lang=&quot;en&quot; dir=&quot;ltr&quot;&gt;It sounds crazy, but disabling npm&amp;#39;s progress bar yields a 2x npm install speed improvement for me &lt;a href=&quot;https://t.co/ChXxSepCBK&quot;&gt;pic.twitter.com/ChXxSepCBK&lt;/a&gt;&lt;/p&gt;&amp;mdash; Gavin Joyce (@gavinjoyce) &lt;a href=&quot;https://twitter.com/gavinjoyce/status/691773956144119808&quot;&gt;January 26, 2016&lt;/a&gt;&lt;/blockquote&gt;

&lt;blockquote&gt;
  &lt;p&gt;&lt;strong&gt;¿Qué está causando tal cosa?&lt;/strong&gt;&lt;/p&gt;
&lt;/blockquote&gt;

&lt;p&gt;Después de un genial y profundo analisis mostrado en los comentarios del issue
&lt;a href=&quot;https://github.com/npm/npm/issues/11283#issuecomment-175246823&quot;&gt;#11283&lt;/a&gt; por el usuario &lt;a href=&quot;https://github.com/samccone&quot;&gt;@samccone&lt;/a&gt; nos percatamos de que hay una problema en el
paquete &lt;a href=&quot;https://github.com/iarna/gauge&quot;&gt;gauge&lt;/a&gt; al momento de llamar la función &lt;code class=&quot;highlighter-rouge&quot;&gt;show&lt;/code&gt;, y como el mundo del Open
Source es impresionante basto con unas pocas horas para que alguien llegara con
una &lt;a href=&quot;https://github.com/iarna/gauge/commit/a7ab9c906bb72aa0ed8996a00db2cd35a22d5992&quot;&gt;solución&lt;/a&gt;.&lt;/p&gt;

&lt;blockquote class=&quot;twitter-tweet&quot; data-conversation=&quot;none&quot; lang=&quot;en&quot;&gt;&lt;p lang=&quot;en&quot; dir=&quot;ltr&quot;&gt;&lt;a href=&quot;https://twitter.com/softwarefloyd&quot;&gt;@softwarefloyd&lt;/a&gt; &lt;a href=&quot;https://twitter.com/gavinjoyce&quot;&gt;@gavinjoyce&lt;/a&gt; bug found and fixed!&lt;/p&gt;&amp;mdash; Laurie Voss (@seldo) &lt;a href=&quot;https://twitter.com/seldo/status/692192238445711360&quot;&gt;January 27, 2016&lt;/a&gt;&lt;/blockquote&gt;
&lt;script async=&quot;&quot; src=&quot;//platform.twitter.com/widgets.js&quot; charset=&quot;utf-8&quot;&gt;&lt;/script&gt;

&lt;p&gt;Esperemos que en los proximos &lt;em&gt;releases&lt;/em&gt; de &lt;em&gt;npm&lt;/em&gt; podamos disfrutar de este exelente cambio.&lt;/p&gt;</content><author><name>Sergio Flores</name><email>byoigres@gmail.com</email></author><summary type="html"></summary></entry><entry><title type="html">Código fuente y margenes</title><link href="http://localhost:4000/blog/2015/05/20/pre-code-y-margenes/" rel="alternate" type="text/html" title="Código fuente y margenes" /><published>2015-05-20T07:02:00-06:00</published><updated>2015-05-20T07:02:00-06:00</updated><id>http://localhost:4000/blog/2015/05/20/pre-code-y-margenes</id><content type="html" xml:base="http://localhost:4000/blog/2015/05/20/pre-code-y-margenes/">&lt;p&gt;Hoy por la mañana, al estár editando una presentación utilizando &lt;a href=&quot;http://lab.hakim.se/reveal-js&quot;&gt;reveal.js&lt;/a&gt; me
di a la tarea de agregar el bonito estilo &lt;a href=&quot;https://github.com/isagalaev/highlight.js/blob/master/src/styles/monokai_sublime.css&quot;&gt;Monokai&lt;/a&gt; que utiliza &lt;a href=&quot;http://www.sublimetext.com/&quot;&gt;SublimeText&lt;/a&gt; a
mi presentación, todo iba marchando perfectamente hasta que gracias a la
propiedad &lt;code class=&quot;highlighter-rouge&quot;&gt;box-shadow&lt;/code&gt; de un elemento &lt;code class=&quot;highlighter-rouge&quot;&gt;pre&lt;/code&gt; me doy cuenta que habia un espacio
que al parecer no era &lt;code class=&quot;highlighter-rouge&quot;&gt;margin&lt;/code&gt; o &lt;code class=&quot;highlighter-rouge&quot;&gt;padding&lt;/code&gt; dentro de la etiqueta &lt;code class=&quot;highlighter-rouge&quot;&gt;pre&lt;/code&gt;.&lt;/p&gt;

&lt;p&gt;&lt;img src=&quot;/images/posts/1.png&quot; alt=&quot;No es margin ni padding&quot; /&gt;&lt;/p&gt;

&lt;p&gt;Entonces comencé a utilizar las herramientas de desarrollo de Firefox para
eliminar todo posible &lt;code class=&quot;highlighter-rouge&quot;&gt;margin&lt;/code&gt; o &lt;code class=&quot;highlighter-rouge&quot;&gt;padding&lt;/code&gt; que viniera con el tema para luego hacer
el cambio en las hojas de estilo. &lt;code class=&quot;highlighter-rouge&quot;&gt;margin&lt;/code&gt;, &lt;code class=&quot;highlighter-rouge&quot;&gt;padding&lt;/code&gt;, &lt;code class=&quot;highlighter-rouge&quot;&gt;border&lt;/code&gt;, &lt;code class=&quot;highlighter-rouge&quot;&gt;line-height&lt;/code&gt; ¡nada
funcionaba!, ese maldito espacio aún seguia ahí.&lt;/p&gt;

&lt;p&gt;Después de unos 30 minutos tratando de eliminar todos los estilos del sitio para
saber que era ese espacio tuve que recurrir a &lt;a href=&quot;https://es.wikipedia.org/wiki/Googlear&quot;&gt;googlear&lt;/a&gt; que pasaba cuando se
utiliza una etiqueta &lt;code class=&quot;highlighter-rouge&quot;&gt;code&lt;/code&gt; dentro de una etiqueta &lt;code class=&quot;highlighter-rouge&quot;&gt;pre&lt;/code&gt; y lo que me encontré
es para tomarlo con gracia por ser algo tan simple pero a la vez es muy
interesante saber que comportamiento tienen las etiquetas ya que después de saber
la razón de por que aparecian esos espacios todo era mas lógico.&lt;/p&gt;

&lt;p&gt;El código que estaba utlizando era el siguiente:&lt;/p&gt;

&lt;figure class=&quot;highlight&quot;&gt;&lt;pre&gt;&lt;code class=&quot;language-html&quot; data-lang=&quot;html&quot;&gt;&lt;span class=&quot;nt&quot;&gt;&amp;lt;pre&amp;gt;&lt;/span&gt;
    &lt;span class=&quot;nt&quot;&gt;&amp;lt;code&lt;/span&gt; &lt;span class=&quot;na&quot;&gt;data-trim&lt;/span&gt; &lt;span class=&quot;na&quot;&gt;class=&lt;/span&gt;&lt;span class=&quot;s&quot;&gt;&quot;php5&quot;&lt;/span&gt;&lt;span class=&quot;nt&quot;&gt;&amp;gt;&lt;/span&gt;

1.- Hello
&lt;span class=&quot;ni&quot;&gt;&amp;amp;lt;&lt;/span&gt;?php
echo &quot; world!&quot;;
$variable = &quot;2.- Hello PHP&quot;;
?&lt;span class=&quot;err&quot;&gt;&amp;amp;&lt;/span&gt;gt
&lt;span class=&quot;ni&quot;&gt;&amp;amp;lt;&lt;/span&gt;/p&lt;span class=&quot;ni&quot;&gt;&amp;amp;gt;&lt;/span&gt;
&lt;span class=&quot;ni&quot;&gt;&amp;amp;lt;&lt;/span&gt;br&lt;span class=&quot;ni&quot;&gt;&amp;amp;gt;&lt;/span&gt;
&lt;span class=&quot;ni&quot;&gt;&amp;amp;lt;&lt;/span&gt;? echo $variable; ?&lt;span class=&quot;ni&quot;&gt;&amp;amp;gt;&lt;/span&gt; &lt;span class=&quot;ni&quot;&gt;&amp;amp;lt;&lt;/span&gt;!-- Con short_open_tag habilitado --&lt;span class=&quot;ni&quot;&gt;&amp;amp;gt;&lt;/span&gt;
&lt;span class=&quot;ni&quot;&gt;&amp;amp;lt;&lt;/span&gt;br&lt;span class=&quot;ni&quot;&gt;&amp;amp;gt;&lt;/span&gt;
&lt;span class=&quot;ni&quot;&gt;&amp;amp;lt;&lt;/span&gt;?= $variable ?&lt;span class=&quot;ni&quot;&gt;&amp;amp;gt;&lt;/span&gt; &lt;span class=&quot;ni&quot;&gt;&amp;amp;lt;&lt;/span&gt;!-- Forma abreviada de echo (v5.4+) --&lt;span class=&quot;ni&quot;&gt;&amp;amp;gt;&lt;/span&gt;
    &lt;span class=&quot;nt&quot;&gt;&amp;lt;/code&amp;gt;&lt;/span&gt;
&lt;span class=&quot;nt&quot;&gt;&amp;lt;/pre&amp;gt;&lt;/span&gt;&lt;/code&gt;&lt;/pre&gt;&lt;/figure&gt;

&lt;p&gt;Si se dan cuenta, para cuestiones de una mejor lectura del código utilizé un
salto de linea entre las etiquetas &lt;code class=&quot;highlighter-rouge&quot;&gt;pre&lt;/code&gt; y &lt;code class=&quot;highlighter-rouge&quot;&gt;code&lt;/code&gt; tanto al abrilas como al
cerrarlas. En realidad el salto de línea no importa, lo que si importa son los
espacios que utilizé para indentar el bloque de la etiqueta &lt;code class=&quot;highlighter-rouge&quot;&gt;pre&lt;/code&gt; y de acuerdo a
&lt;a href=&quot;https://developer.mozilla.org/en-US/docs/Web/HTML/Element/pre&quot;&gt;MDN&lt;/a&gt; la etiqueta &lt;em&gt;pre&lt;/em&gt; hace lo siguiente:&lt;/p&gt;

&lt;blockquote&gt;
  &lt;p&gt;The HTML Preformatted Text (&amp;lt;pre&amp;gt;) represents preformatted text. Text within
this element is typically displayed in a non-proportional font exactly as it is
laid out in the file. &lt;strong&gt;Whitespaces inside this element are displayed as typed&lt;/strong&gt;.&lt;/p&gt;
&lt;/blockquote&gt;

&lt;p&gt;Entonces, creo que con eso queda claro, olvidense de indentar esa etiqueta y eliminen
todos esos molestos espacios que hay entre cada una de ellas.&lt;/p&gt;

&lt;figure class=&quot;highlight&quot;&gt;&lt;pre&gt;&lt;code class=&quot;language-html&quot; data-lang=&quot;html&quot;&gt;&lt;span class=&quot;nt&quot;&gt;&amp;lt;pre&amp;gt;&amp;lt;code&lt;/span&gt; &lt;span class=&quot;na&quot;&gt;data-trim&lt;/span&gt; &lt;span class=&quot;na&quot;&gt;class=&lt;/span&gt;&lt;span class=&quot;s&quot;&gt;&quot;php5&quot;&lt;/span&gt;&lt;span class=&quot;nt&quot;&gt;&amp;gt;&lt;/span&gt;
&lt;span class=&quot;ni&quot;&gt;&amp;amp;lt;&lt;/span&gt;?php

echo &quot;Hello world!&quot;;

?&lt;span class=&quot;ni&quot;&gt;&amp;amp;gt;&lt;/span&gt;
&lt;span class=&quot;nt&quot;&gt;&amp;lt;/code&amp;gt;&amp;lt;/pre&amp;gt;&lt;/span&gt;&lt;/code&gt;&lt;/pre&gt;&lt;/figure&gt;</content><author><name>Sergio Flores</name><email>byoigres@gmail.com</email></author><summary type="html">Hoy por la mañana, al estár editando una presentación utilizando reveal.js me di a la tarea de agregar el bonito estilo Monokai que utiliza SublimeText a mi presentación, todo iba marchando perfectamente hasta que gracias a la propiedad box-shadow de un elemento pre me doy cuenta que habia un espacio que al parecer no era margin o padding dentro de la etiqueta pre.</summary></entry></feed>