<?xml version="1.0" encoding="utf-8"?><feed xmlns="http://www.w3.org/2005/Atom" xml:lang="en"><generator uri="https://jekyllrb.com/" version="3.4.2">Jekyll</generator><link href="http://localhost:4000/en/feed.xml" rel="self" type="application/atom+xml" /><link href="http://localhost:4000/en/" rel="alternate" type="text/html" hreflang="en" /><updated>2017-04-20T09:43:07-06:00</updated><id>http://localhost:4000/en/</id><title type="html">Sergio Flores</title><subtitle>Blog personal y curiosidades de todos los días.</subtitle><entry><title type="html">Use npm v3.x without progress bar and you’ll get a faster installation</title><link href="http://localhost:4000/en/blog/2016/01/27/use-npm-v3.x-without-progressbar-and-you-ll-get-a-faster-installation/" rel="alternate" type="text/html" title="Use npm v3.x without progress bar and  you'll get a faster installation" /><published>2016-01-27T06:02:00-07:00</published><updated>2016-01-27T06:02:00-07:00</updated><id>http://localhost:4000/en/blog/2016/01/27/use-npm-v3.x-without-progressbar-and-you-ll-get-a-faster-installation</id><content type="html" xml:base="http://localhost:4000/en/blog/2016/01/27/use-npm-v3.x-without-progressbar-and-you-ll-get-a-faster-installation/">&lt;p class=&quot;center-image&quot;&gt;&lt;img src=&quot;/images/posts/npm-progress-bar-twitter.png&quot; alt=&quot;No es margin ni padding&quot; /&gt;&lt;/p&gt;

&lt;p&gt;Everytime we run &lt;code class=&quot;highlighter-rouge&quot;&gt;npm install&lt;/code&gt; using version 3 of npm we can see a cool progress bar displaying the percentage of the current installation of the dependencies.&lt;/p&gt;

&lt;p&gt;Using the progress bar or not &lt;a href=&quot;https://www.npmjs.com/package/npm&quot;&gt;npm&lt;/a&gt; had become a bit slowler since version 3. So much so that some time ago someone created an alternative version of &lt;a href=&quot;https://www.npmjs.com/package/npm&quot;&gt;npm&lt;/a&gt; called &lt;a href=&quot;http://gugel.io/ied/&quot;&gt;ied&lt;/a&gt; aiming to have betters reusults in terms of performance.&lt;/p&gt;

&lt;p&gt;Let’s be clear, &lt;code class=&quot;highlighter-rouge&quot;&gt;npm install&lt;/code&gt; is the most used command we use, at least it should be fast right?&lt;/p&gt;

&lt;p&gt;We’re going to do a example installing a some dependencies with and without progress bar. The dependencies are listed here:&lt;/p&gt;

&lt;figure class=&quot;highlight&quot;&gt;&lt;pre&gt;&lt;code class=&quot;language-json&quot; data-lang=&quot;json&quot;&gt;&lt;span class=&quot;p&quot;&gt;{&lt;/span&gt;&lt;span class=&quot;w&quot;&gt;
  &lt;/span&gt;&lt;span class=&quot;nt&quot;&gt;&quot;assets-webpack-plugin&quot;&lt;/span&gt;&lt;span class=&quot;p&quot;&gt;:&lt;/span&gt;&lt;span class=&quot;w&quot;&gt; &lt;/span&gt;&lt;span class=&quot;s2&quot;&gt;&quot;^3.2.0&quot;&lt;/span&gt;&lt;span class=&quot;p&quot;&gt;,&lt;/span&gt;&lt;span class=&quot;w&quot;&gt;
  &lt;/span&gt;&lt;span class=&quot;nt&quot;&gt;&quot;babel-cli&quot;&lt;/span&gt;&lt;span class=&quot;p&quot;&gt;:&lt;/span&gt;&lt;span class=&quot;w&quot;&gt; &lt;/span&gt;&lt;span class=&quot;s2&quot;&gt;&quot;^6.4.5&quot;&lt;/span&gt;&lt;span class=&quot;p&quot;&gt;,&lt;/span&gt;&lt;span class=&quot;w&quot;&gt;
  &lt;/span&gt;&lt;span class=&quot;nt&quot;&gt;&quot;babel-loader&quot;&lt;/span&gt;&lt;span class=&quot;p&quot;&gt;:&lt;/span&gt;&lt;span class=&quot;w&quot;&gt; &lt;/span&gt;&lt;span class=&quot;s2&quot;&gt;&quot;^6.2.1&quot;&lt;/span&gt;&lt;span class=&quot;p&quot;&gt;,&lt;/span&gt;&lt;span class=&quot;w&quot;&gt;
  &lt;/span&gt;&lt;span class=&quot;nt&quot;&gt;&quot;babel-preset-es2015&quot;&lt;/span&gt;&lt;span class=&quot;p&quot;&gt;:&lt;/span&gt;&lt;span class=&quot;w&quot;&gt; &lt;/span&gt;&lt;span class=&quot;s2&quot;&gt;&quot;^6.3.13&quot;&lt;/span&gt;&lt;span class=&quot;p&quot;&gt;,&lt;/span&gt;&lt;span class=&quot;w&quot;&gt;
  &lt;/span&gt;&lt;span class=&quot;nt&quot;&gt;&quot;babel-preset-react&quot;&lt;/span&gt;&lt;span class=&quot;p&quot;&gt;:&lt;/span&gt;&lt;span class=&quot;w&quot;&gt; &lt;/span&gt;&lt;span class=&quot;s2&quot;&gt;&quot;^6.3.13&quot;&lt;/span&gt;&lt;span class=&quot;p&quot;&gt;,&lt;/span&gt;&lt;span class=&quot;w&quot;&gt;
  &lt;/span&gt;&lt;span class=&quot;nt&quot;&gt;&quot;classnames&quot;&lt;/span&gt;&lt;span class=&quot;p&quot;&gt;:&lt;/span&gt;&lt;span class=&quot;w&quot;&gt; &lt;/span&gt;&lt;span class=&quot;s2&quot;&gt;&quot;^2.2.3&quot;&lt;/span&gt;&lt;span class=&quot;p&quot;&gt;,&lt;/span&gt;&lt;span class=&quot;w&quot;&gt;
  &lt;/span&gt;&lt;span class=&quot;nt&quot;&gt;&quot;clean-webpack-plugin&quot;&lt;/span&gt;&lt;span class=&quot;p&quot;&gt;:&lt;/span&gt;&lt;span class=&quot;w&quot;&gt; &lt;/span&gt;&lt;span class=&quot;s2&quot;&gt;&quot;^0.1.6&quot;&lt;/span&gt;&lt;span class=&quot;p&quot;&gt;,&lt;/span&gt;&lt;span class=&quot;w&quot;&gt;
  &lt;/span&gt;&lt;span class=&quot;nt&quot;&gt;&quot;css-loader&quot;&lt;/span&gt;&lt;span class=&quot;p&quot;&gt;:&lt;/span&gt;&lt;span class=&quot;w&quot;&gt; &lt;/span&gt;&lt;span class=&quot;s2&quot;&gt;&quot;^0.23.1&quot;&lt;/span&gt;&lt;span class=&quot;p&quot;&gt;,&lt;/span&gt;&lt;span class=&quot;w&quot;&gt;
  &lt;/span&gt;&lt;span class=&quot;nt&quot;&gt;&quot;eslint&quot;&lt;/span&gt;&lt;span class=&quot;p&quot;&gt;:&lt;/span&gt;&lt;span class=&quot;w&quot;&gt; &lt;/span&gt;&lt;span class=&quot;s2&quot;&gt;&quot;^1.10.3&quot;&lt;/span&gt;&lt;span class=&quot;p&quot;&gt;,&lt;/span&gt;&lt;span class=&quot;w&quot;&gt;
  &lt;/span&gt;&lt;span class=&quot;nt&quot;&gt;&quot;eslint-config-airbnb&quot;&lt;/span&gt;&lt;span class=&quot;p&quot;&gt;:&lt;/span&gt;&lt;span class=&quot;w&quot;&gt; &lt;/span&gt;&lt;span class=&quot;s2&quot;&gt;&quot;^4.0.0&quot;&lt;/span&gt;&lt;span class=&quot;p&quot;&gt;,&lt;/span&gt;&lt;span class=&quot;w&quot;&gt;
  &lt;/span&gt;&lt;span class=&quot;nt&quot;&gt;&quot;eslint-loader&quot;&lt;/span&gt;&lt;span class=&quot;p&quot;&gt;:&lt;/span&gt;&lt;span class=&quot;w&quot;&gt; &lt;/span&gt;&lt;span class=&quot;s2&quot;&gt;&quot;^1.2.0&quot;&lt;/span&gt;&lt;span class=&quot;p&quot;&gt;,&lt;/span&gt;&lt;span class=&quot;w&quot;&gt;
  &lt;/span&gt;&lt;span class=&quot;nt&quot;&gt;&quot;eslint-plugin-react&quot;&lt;/span&gt;&lt;span class=&quot;p&quot;&gt;:&lt;/span&gt;&lt;span class=&quot;w&quot;&gt; &lt;/span&gt;&lt;span class=&quot;s2&quot;&gt;&quot;^3.16.1&quot;&lt;/span&gt;&lt;span class=&quot;p&quot;&gt;,&lt;/span&gt;&lt;span class=&quot;w&quot;&gt;
  &lt;/span&gt;&lt;span class=&quot;nt&quot;&gt;&quot;extract-text-webpack-plugin&quot;&lt;/span&gt;&lt;span class=&quot;p&quot;&gt;:&lt;/span&gt;&lt;span class=&quot;w&quot;&gt; &lt;/span&gt;&lt;span class=&quot;s2&quot;&gt;&quot;^1.0.1&quot;&lt;/span&gt;&lt;span class=&quot;p&quot;&gt;,&lt;/span&gt;&lt;span class=&quot;w&quot;&gt;
  &lt;/span&gt;&lt;span class=&quot;nt&quot;&gt;&quot;flexbox-grid&quot;&lt;/span&gt;&lt;span class=&quot;p&quot;&gt;:&lt;/span&gt;&lt;span class=&quot;w&quot;&gt; &lt;/span&gt;&lt;span class=&quot;s2&quot;&gt;&quot;^1.0.0&quot;&lt;/span&gt;&lt;span class=&quot;p&quot;&gt;,&lt;/span&gt;&lt;span class=&quot;w&quot;&gt;
  &lt;/span&gt;&lt;span class=&quot;nt&quot;&gt;&quot;flexboxgrid&quot;&lt;/span&gt;&lt;span class=&quot;p&quot;&gt;:&lt;/span&gt;&lt;span class=&quot;w&quot;&gt; &lt;/span&gt;&lt;span class=&quot;s2&quot;&gt;&quot;^6.3.0&quot;&lt;/span&gt;&lt;span class=&quot;p&quot;&gt;,&lt;/span&gt;&lt;span class=&quot;w&quot;&gt;
  &lt;/span&gt;&lt;span class=&quot;nt&quot;&gt;&quot;h2o2&quot;&lt;/span&gt;&lt;span class=&quot;p&quot;&gt;:&lt;/span&gt;&lt;span class=&quot;w&quot;&gt; &lt;/span&gt;&lt;span class=&quot;s2&quot;&gt;&quot;^5.0.0&quot;&lt;/span&gt;&lt;span class=&quot;p&quot;&gt;,&lt;/span&gt;&lt;span class=&quot;w&quot;&gt;
  &lt;/span&gt;&lt;span class=&quot;nt&quot;&gt;&quot;hapi&quot;&lt;/span&gt;&lt;span class=&quot;p&quot;&gt;:&lt;/span&gt;&lt;span class=&quot;w&quot;&gt; &lt;/span&gt;&lt;span class=&quot;s2&quot;&gt;&quot;^12.1.0&quot;&lt;/span&gt;&lt;span class=&quot;p&quot;&gt;,&lt;/span&gt;&lt;span class=&quot;w&quot;&gt;
  &lt;/span&gt;&lt;span class=&quot;nt&quot;&gt;&quot;hapi-webpack-plugin&quot;&lt;/span&gt;&lt;span class=&quot;p&quot;&gt;:&lt;/span&gt;&lt;span class=&quot;w&quot;&gt; &lt;/span&gt;&lt;span class=&quot;s2&quot;&gt;&quot;^1.3.0&quot;&lt;/span&gt;&lt;span class=&quot;p&quot;&gt;,&lt;/span&gt;&lt;span class=&quot;w&quot;&gt;
  &lt;/span&gt;&lt;span class=&quot;nt&quot;&gt;&quot;history&quot;&lt;/span&gt;&lt;span class=&quot;p&quot;&gt;:&lt;/span&gt;&lt;span class=&quot;w&quot;&gt; &lt;/span&gt;&lt;span class=&quot;s2&quot;&gt;&quot;^1.17.0&quot;&lt;/span&gt;&lt;span class=&quot;p&quot;&gt;,&lt;/span&gt;&lt;span class=&quot;w&quot;&gt;
  &lt;/span&gt;&lt;span class=&quot;nt&quot;&gt;&quot;html-webpack-plugin&quot;&lt;/span&gt;&lt;span class=&quot;p&quot;&gt;:&lt;/span&gt;&lt;span class=&quot;w&quot;&gt; &lt;/span&gt;&lt;span class=&quot;s2&quot;&gt;&quot;^2.7.2&quot;&lt;/span&gt;&lt;span class=&quot;p&quot;&gt;,&lt;/span&gt;&lt;span class=&quot;w&quot;&gt;
  &lt;/span&gt;&lt;span class=&quot;nt&quot;&gt;&quot;inert&quot;&lt;/span&gt;&lt;span class=&quot;p&quot;&gt;:&lt;/span&gt;&lt;span class=&quot;w&quot;&gt; &lt;/span&gt;&lt;span class=&quot;s2&quot;&gt;&quot;^3.2.0&quot;&lt;/span&gt;&lt;span class=&quot;p&quot;&gt;,&lt;/span&gt;&lt;span class=&quot;w&quot;&gt;
  &lt;/span&gt;&lt;span class=&quot;nt&quot;&gt;&quot;isomorphic-fetch&quot;&lt;/span&gt;&lt;span class=&quot;p&quot;&gt;:&lt;/span&gt;&lt;span class=&quot;w&quot;&gt; &lt;/span&gt;&lt;span class=&quot;s2&quot;&gt;&quot;^2.2.1&quot;&lt;/span&gt;&lt;span class=&quot;p&quot;&gt;,&lt;/span&gt;&lt;span class=&quot;w&quot;&gt;
  &lt;/span&gt;&lt;span class=&quot;nt&quot;&gt;&quot;node-sass&quot;&lt;/span&gt;&lt;span class=&quot;p&quot;&gt;:&lt;/span&gt;&lt;span class=&quot;w&quot;&gt; &lt;/span&gt;&lt;span class=&quot;s2&quot;&gt;&quot;^3.4.2&quot;&lt;/span&gt;&lt;span class=&quot;p&quot;&gt;,&lt;/span&gt;&lt;span class=&quot;w&quot;&gt;
  &lt;/span&gt;&lt;span class=&quot;nt&quot;&gt;&quot;react&quot;&lt;/span&gt;&lt;span class=&quot;p&quot;&gt;:&lt;/span&gt;&lt;span class=&quot;w&quot;&gt; &lt;/span&gt;&lt;span class=&quot;s2&quot;&gt;&quot;^0.14.6&quot;&lt;/span&gt;&lt;span class=&quot;p&quot;&gt;,&lt;/span&gt;&lt;span class=&quot;w&quot;&gt;
  &lt;/span&gt;&lt;span class=&quot;nt&quot;&gt;&quot;react-dom&quot;&lt;/span&gt;&lt;span class=&quot;p&quot;&gt;:&lt;/span&gt;&lt;span class=&quot;w&quot;&gt; &lt;/span&gt;&lt;span class=&quot;s2&quot;&gt;&quot;^0.14.6&quot;&lt;/span&gt;&lt;span class=&quot;p&quot;&gt;,&lt;/span&gt;&lt;span class=&quot;w&quot;&gt;
  &lt;/span&gt;&lt;span class=&quot;nt&quot;&gt;&quot;react-flexbox-grid&quot;&lt;/span&gt;&lt;span class=&quot;p&quot;&gt;:&lt;/span&gt;&lt;span class=&quot;w&quot;&gt; &lt;/span&gt;&lt;span class=&quot;s2&quot;&gt;&quot;^0.9.2&quot;&lt;/span&gt;&lt;span class=&quot;p&quot;&gt;,&lt;/span&gt;&lt;span class=&quot;w&quot;&gt;
  &lt;/span&gt;&lt;span class=&quot;nt&quot;&gt;&quot;react-hot-loader&quot;&lt;/span&gt;&lt;span class=&quot;p&quot;&gt;:&lt;/span&gt;&lt;span class=&quot;w&quot;&gt; &lt;/span&gt;&lt;span class=&quot;s2&quot;&gt;&quot;^1.3.0&quot;&lt;/span&gt;&lt;span class=&quot;p&quot;&gt;,&lt;/span&gt;&lt;span class=&quot;w&quot;&gt;
  &lt;/span&gt;&lt;span class=&quot;nt&quot;&gt;&quot;react-redux&quot;&lt;/span&gt;&lt;span class=&quot;p&quot;&gt;:&lt;/span&gt;&lt;span class=&quot;w&quot;&gt; &lt;/span&gt;&lt;span class=&quot;s2&quot;&gt;&quot;^4.0.6&quot;&lt;/span&gt;&lt;span class=&quot;p&quot;&gt;,&lt;/span&gt;&lt;span class=&quot;w&quot;&gt;
  &lt;/span&gt;&lt;span class=&quot;nt&quot;&gt;&quot;react-router&quot;&lt;/span&gt;&lt;span class=&quot;p&quot;&gt;:&lt;/span&gt;&lt;span class=&quot;w&quot;&gt; &lt;/span&gt;&lt;span class=&quot;s2&quot;&gt;&quot;^1.0.3&quot;&lt;/span&gt;&lt;span class=&quot;p&quot;&gt;,&lt;/span&gt;&lt;span class=&quot;w&quot;&gt;
  &lt;/span&gt;&lt;span class=&quot;nt&quot;&gt;&quot;redux&quot;&lt;/span&gt;&lt;span class=&quot;p&quot;&gt;:&lt;/span&gt;&lt;span class=&quot;w&quot;&gt; &lt;/span&gt;&lt;span class=&quot;s2&quot;&gt;&quot;^3.0.6&quot;&lt;/span&gt;&lt;span class=&quot;p&quot;&gt;,&lt;/span&gt;&lt;span class=&quot;w&quot;&gt;
  &lt;/span&gt;&lt;span class=&quot;nt&quot;&gt;&quot;redux-router&quot;&lt;/span&gt;&lt;span class=&quot;p&quot;&gt;:&lt;/span&gt;&lt;span class=&quot;w&quot;&gt; &lt;/span&gt;&lt;span class=&quot;s2&quot;&gt;&quot;^1.0.0-beta7&quot;&lt;/span&gt;&lt;span class=&quot;p&quot;&gt;,&lt;/span&gt;&lt;span class=&quot;w&quot;&gt;
  &lt;/span&gt;&lt;span class=&quot;nt&quot;&gt;&quot;redux-thunk&quot;&lt;/span&gt;&lt;span class=&quot;p&quot;&gt;:&lt;/span&gt;&lt;span class=&quot;w&quot;&gt; &lt;/span&gt;&lt;span class=&quot;s2&quot;&gt;&quot;^1.0.3&quot;&lt;/span&gt;&lt;span class=&quot;p&quot;&gt;,&lt;/span&gt;&lt;span class=&quot;w&quot;&gt;
  &lt;/span&gt;&lt;span class=&quot;nt&quot;&gt;&quot;sass-loader&quot;&lt;/span&gt;&lt;span class=&quot;p&quot;&gt;:&lt;/span&gt;&lt;span class=&quot;w&quot;&gt; &lt;/span&gt;&lt;span class=&quot;s2&quot;&gt;&quot;^3.1.2&quot;&lt;/span&gt;&lt;span class=&quot;p&quot;&gt;,&lt;/span&gt;&lt;span class=&quot;w&quot;&gt;
  &lt;/span&gt;&lt;span class=&quot;nt&quot;&gt;&quot;strip-loader&quot;&lt;/span&gt;&lt;span class=&quot;p&quot;&gt;:&lt;/span&gt;&lt;span class=&quot;w&quot;&gt; &lt;/span&gt;&lt;span class=&quot;s2&quot;&gt;&quot;^0.1.1&quot;&lt;/span&gt;&lt;span class=&quot;p&quot;&gt;,&lt;/span&gt;&lt;span class=&quot;w&quot;&gt;
  &lt;/span&gt;&lt;span class=&quot;nt&quot;&gt;&quot;style-loader&quot;&lt;/span&gt;&lt;span class=&quot;p&quot;&gt;:&lt;/span&gt;&lt;span class=&quot;w&quot;&gt; &lt;/span&gt;&lt;span class=&quot;s2&quot;&gt;&quot;^0.13.0&quot;&lt;/span&gt;&lt;span class=&quot;p&quot;&gt;,&lt;/span&gt;&lt;span class=&quot;w&quot;&gt;
  &lt;/span&gt;&lt;span class=&quot;nt&quot;&gt;&quot;webpack&quot;&lt;/span&gt;&lt;span class=&quot;p&quot;&gt;:&lt;/span&gt;&lt;span class=&quot;w&quot;&gt; &lt;/span&gt;&lt;span class=&quot;s2&quot;&gt;&quot;^1.12.12&quot;&lt;/span&gt;&lt;span class=&quot;p&quot;&gt;,&lt;/span&gt;&lt;span class=&quot;w&quot;&gt;
  &lt;/span&gt;&lt;span class=&quot;nt&quot;&gt;&quot;webpack-dev-server&quot;&lt;/span&gt;&lt;span class=&quot;p&quot;&gt;:&lt;/span&gt;&lt;span class=&quot;w&quot;&gt; &lt;/span&gt;&lt;span class=&quot;s2&quot;&gt;&quot;^1.14.1&quot;&lt;/span&gt;&lt;span class=&quot;p&quot;&gt;,&lt;/span&gt;&lt;span class=&quot;w&quot;&gt;
  &lt;/span&gt;&lt;span class=&quot;nt&quot;&gt;&quot;webpack-hot-middleware&quot;&lt;/span&gt;&lt;span class=&quot;p&quot;&gt;:&lt;/span&gt;&lt;span class=&quot;w&quot;&gt; &lt;/span&gt;&lt;span class=&quot;s2&quot;&gt;&quot;^2.6.2&quot;&lt;/span&gt;&lt;span class=&quot;w&quot;&gt;
&lt;/span&gt;&lt;span class=&quot;p&quot;&gt;}&lt;/span&gt;&lt;/code&gt;&lt;/pre&gt;&lt;/figure&gt;

&lt;p&gt;We’ll take the time in every run and see that when we’re not using the progress bar the installation takes less time than when there is one.&lt;/p&gt;

&lt;script type=&quot;text/javascript&quot; src=&quot;https://asciinema.org/a/34946.js&quot; id=&quot;asciicast-34946&quot; async=&quot;&quot;&gt;&lt;/script&gt;

&lt;p&gt;With progress bar: 3 minutes 8 seconds, without progress bar &lt;strong&gt;2
minutes 44 seconds&lt;/strong&gt;, this is 12% faster.&lt;/p&gt;

&lt;p&gt;This originally shown in this [issue comment](https://github.com/npm/npm/issues/8826#issuecomment-155762 where &lt;a href=&quot;https://github.com/andrenarchy&quot;&gt;@andrenarchy&lt;/a&gt; commented the following:&lt;/p&gt;

&lt;figure class=&quot;highlight&quot;&gt;&lt;pre&gt;&lt;code class=&quot;language-sh&quot; data-lang=&quot;sh&quot;&gt;&lt;span class=&quot;gp&quot;&gt;$ &lt;/span&gt;npm &lt;span class=&quot;nb&quot;&gt;set &lt;/span&gt;&lt;span class=&quot;nv&quot;&gt;progress&lt;/span&gt;&lt;span class=&quot;o&quot;&gt;=&lt;/span&gt;&lt;span class=&quot;nb&quot;&gt;false&lt;/span&gt;
&lt;span class=&quot;gp&quot;&gt;$ &lt;/span&gt;rm -rf node_modules
&lt;span class=&quot;gp&quot;&gt;$ &lt;/span&gt;&lt;span class=&quot;nb&quot;&gt;time &lt;/span&gt;npm install
&lt;span class=&quot;o&quot;&gt;[&lt;/span&gt;...]
real    5m10.601s
user    4m56.435s
sys 0m36.003s

&lt;span class=&quot;gp&quot;&gt;$ &lt;/span&gt;npm &lt;span class=&quot;nb&quot;&gt;set &lt;/span&gt;&lt;span class=&quot;nv&quot;&gt;progress&lt;/span&gt;&lt;span class=&quot;o&quot;&gt;=&lt;/span&gt;&lt;span class=&quot;nb&quot;&gt;true&lt;/span&gt;
&lt;span class=&quot;gp&quot;&gt;$ &lt;/span&gt;rm -rf node_modules
&lt;span class=&quot;gp&quot;&gt;$ &lt;/span&gt;&lt;span class=&quot;nb&quot;&gt;time &lt;/span&gt;npm install
&lt;span class=&quot;o&quot;&gt;[&lt;/span&gt;...]
real    21m13.415s
user    20m36.752s
sys 0m42.010s&lt;/code&gt;&lt;/pre&gt;&lt;/figure&gt;

&lt;p&gt;Whitout progress bar the installation time is reduces from &lt;strong&gt;21 minutes and  13 seconds&lt;/strong&gt; to &lt;strong&gt;5 minutes and 10 seconds&lt;/strong&gt;!&lt;/p&gt;

&lt;p&gt;Probably the installation have a lot of dependencies but even in &lt;a href=&quot;https://twitter.com/gavinjoyce/status/691773956144119808&quot;&gt;this tweet&lt;/a&gt; published by Gavin Joyce using the same example the installation time was reduced a lot, from &lt;strong&gt;3 minutes and 35 seconds&lt;/strong&gt; to &lt;strong&gt;1 minute and 53&lt;/strong&gt;.&lt;/p&gt;

&lt;blockquote class=&quot;twitter-tweet&quot; lang=&quot;en&quot;&gt;&lt;p lang=&quot;en&quot; dir=&quot;ltr&quot;&gt;It sounds crazy, but disabling npm&amp;#39;s progress bar yields a 2x npm install speed improvement for me &lt;a href=&quot;https://t.co/ChXxSepCBK&quot;&gt;pic.twitter.com/ChXxSepCBK&lt;/a&gt;&lt;/p&gt;&amp;mdash; Gavin Joyce (@gavinjoyce) &lt;a href=&quot;https://twitter.com/gavinjoyce/status/691773956144119808&quot;&gt;January 26, 2016&lt;/a&gt;&lt;/blockquote&gt;

&lt;blockquote&gt;
  &lt;p&gt;&lt;strong&gt;So, what is happening?&lt;/strong&gt;&lt;/p&gt;
&lt;/blockquote&gt;

&lt;p&gt;After a deep analysis from @samccone in the comments of the issue &lt;a href=&quot;https://github.com/npm/npm/issues/11283#issuecomment-175246823&quot;&gt;#11283&lt;/a&gt; we notice that there’s a problem using the &lt;code class=&quot;highlighter-rouge&quot;&gt;show&lt;/code&gt; method within the &lt;a href=&quot;https://github.com/iarna/gauge&quot;&gt;gauge&lt;/a&gt; package, the open source community is amazing, because within a few hours someone came with a handy &lt;a href=&quot;https://github.com/iarna/gauge/commit/a7ab9c906bb72aa0ed8996a00db2cd35a22d5992&quot;&gt;solution&lt;/a&gt; to solve this problem.&lt;/p&gt;

&lt;blockquote class=&quot;twitter-tweet&quot; data-conversation=&quot;none&quot; lang=&quot;en&quot;&gt;&lt;p lang=&quot;en&quot; dir=&quot;ltr&quot;&gt;&lt;a href=&quot;https://twitter.com/softwarefloyd&quot;&gt;@softwarefloyd&lt;/a&gt; &lt;a href=&quot;https://twitter.com/gavinjoyce&quot;&gt;@gavinjoyce&lt;/a&gt; bug found and fixed!&lt;/p&gt;&amp;mdash; Laurie Voss (@seldo) &lt;a href=&quot;https://twitter.com/seldo/status/692192238445711360&quot;&gt;January 27, 2016&lt;/a&gt;&lt;/blockquote&gt;
&lt;script async=&quot;&quot; src=&quot;//platform.twitter.com/widgets.js&quot; charset=&quot;utf-8&quot;&gt;&lt;/script&gt;

&lt;p&gt;I hope in the next &lt;em&gt;releases&lt;/em&gt; of &lt;em&gt;npm&lt;/em&gt; we can enjoy of this excellent fix.&lt;/p&gt;</content><author><name>Sergio Flores</name><email>byoigres@gmail.com</email></author><summary type="html"></summary></entry><entry><title type="html">Source code and margins</title><link href="http://localhost:4000/en/blog/2015/05/20/source-code-and-margins/" rel="alternate" type="text/html" title="Source code and margins" /><published>2015-05-20T07:02:00-06:00</published><updated>2015-05-20T07:02:00-06:00</updated><id>http://localhost:4000/en/blog/2015/05/20/source-code-and-margins</id><content type="html" xml:base="http://localhost:4000/en/blog/2015/05/20/source-code-and-margins/">&lt;p&gt;This morning when I was trying to edit some slides using &lt;a href=&quot;http://lab.hakim.se/reveal-js&quot;&gt;reveal.js&lt;/a&gt; I started to add the pretty &lt;a href=&quot;https://github.com/isagalaev/highlight.js/blob/master/src/styles/monokai_sublime.css&quot;&gt;Monokai&lt;/a&gt; style that &lt;a href=&quot;http://www.sublimetext.com/&quot;&gt;SublimeText&lt;/a&gt; uses, everything was doing well until thanks to &lt;code class=&quot;highlighter-rouge&quot;&gt;box-shadow&lt;/code&gt; property of an &lt;em&gt;pre&lt;/em&gt; element I noticed some kind of space that wasn’t a &lt;code class=&quot;highlighter-rouge&quot;&gt;margin&lt;/code&gt; or &lt;code class=&quot;highlighter-rouge&quot;&gt;padding&lt;/code&gt; inside &lt;code class=&quot;highlighter-rouge&quot;&gt;pre&lt;/code&gt; tag.&lt;/p&gt;

&lt;p&gt;&lt;img src=&quot;/images/posts/1.png&quot; alt=&quot;There isn't margin or padding&quot; /&gt;&lt;/p&gt;

&lt;p&gt;Then I started to debug the styles using Firefox devtools to remove all posible &lt;code class=&quot;highlighter-rouge&quot;&gt;margin&lt;/code&gt; or &lt;code class=&quot;highlighter-rouge&quot;&gt;padding&lt;/code&gt; comming with the template to make the change in the stylesheets later. &lt;code class=&quot;highlighter-rouge&quot;&gt;margin&lt;/code&gt;, &lt;code class=&quot;highlighter-rouge&quot;&gt;padding&lt;/code&gt;, &lt;code class=&quot;highlighter-rouge&quot;&gt;border&lt;/code&gt;, &lt;code class=&quot;highlighter-rouge&quot;&gt;line-height&lt;/code&gt;, any of them didn’t make that strange space disappear, that annoying space was still right there.&lt;/p&gt;

&lt;p&gt;After 30 minutes trying to delete every posible style to know what was that space I decided to google what was happening when a &lt;code class=&quot;highlighter-rouge&quot;&gt;code&lt;/code&gt; tag is inside a &lt;code class=&quot;highlighter-rouge&quot;&gt;pre&lt;/code&gt; one and what I found it could be funny and stupid at the same time because programmers often forgot to read the documentation before using something. After knowing what was really happening everything makes so more sense and was logic.&lt;/p&gt;

&lt;p&gt;This is the code I was using in the slides:&lt;/p&gt;

&lt;figure class=&quot;highlight&quot;&gt;&lt;pre&gt;&lt;code class=&quot;language-html&quot; data-lang=&quot;html&quot;&gt;&lt;span class=&quot;nt&quot;&gt;&amp;lt;pre&amp;gt;&lt;/span&gt;
    &lt;span class=&quot;nt&quot;&gt;&amp;lt;code&lt;/span&gt; &lt;span class=&quot;na&quot;&gt;data-trim&lt;/span&gt; &lt;span class=&quot;na&quot;&gt;class=&lt;/span&gt;&lt;span class=&quot;s&quot;&gt;&quot;php5&quot;&lt;/span&gt;&lt;span class=&quot;nt&quot;&gt;&amp;gt;&lt;/span&gt;

1.- Hello
&lt;span class=&quot;ni&quot;&gt;&amp;amp;lt;&lt;/span&gt;?php
echo &quot; world!&quot;;
$variable = &quot;2.- Hello PHP&quot;;
?&lt;span class=&quot;err&quot;&gt;&amp;amp;&lt;/span&gt;gt
&lt;span class=&quot;ni&quot;&gt;&amp;amp;lt;&lt;/span&gt;/p&lt;span class=&quot;ni&quot;&gt;&amp;amp;gt;&lt;/span&gt;
&lt;span class=&quot;ni&quot;&gt;&amp;amp;lt;&lt;/span&gt;br&lt;span class=&quot;ni&quot;&gt;&amp;amp;gt;&lt;/span&gt;
&lt;span class=&quot;ni&quot;&gt;&amp;amp;lt;&lt;/span&gt;? echo $variable; ?&lt;span class=&quot;ni&quot;&gt;&amp;amp;gt;&lt;/span&gt; &lt;span class=&quot;ni&quot;&gt;&amp;amp;lt;&lt;/span&gt;!-- Con short_open_tag habilitado --&lt;span class=&quot;ni&quot;&gt;&amp;amp;gt;&lt;/span&gt;
&lt;span class=&quot;ni&quot;&gt;&amp;amp;lt;&lt;/span&gt;br&lt;span class=&quot;ni&quot;&gt;&amp;amp;gt;&lt;/span&gt;
&lt;span class=&quot;ni&quot;&gt;&amp;amp;lt;&lt;/span&gt;?= $variable ?&lt;span class=&quot;ni&quot;&gt;&amp;amp;gt;&lt;/span&gt; &lt;span class=&quot;ni&quot;&gt;&amp;amp;lt;&lt;/span&gt;!-- Forma abreviada de echo (v5.4+) --&lt;span class=&quot;ni&quot;&gt;&amp;amp;gt;&lt;/span&gt;
    &lt;span class=&quot;nt&quot;&gt;&amp;lt;/code&amp;gt;&lt;/span&gt;
&lt;span class=&quot;nt&quot;&gt;&amp;lt;/pre&amp;gt;&lt;/span&gt;&lt;/code&gt;&lt;/pre&gt;&lt;/figure&gt;

&lt;p&gt;If you take a closer look you’ll notice that I used a line-break and some spaces between &lt;code class=&quot;highlighter-rouge&quot;&gt;pre&lt;/code&gt; and &lt;code class=&quot;highlighter-rouge&quot;&gt;code&lt;/code&gt; tags for readability. Actually the line-break doesn’t matter but the spaces does and acording to &lt;a href=&quot;https://developer.mozilla.org/en-US/docs/Web/HTML/Element/pre&quot;&gt;MDN&lt;/a&gt; what really happens with the &lt;code class=&quot;highlighter-rouge&quot;&gt;pre&lt;/code&gt; tag is:&lt;/p&gt;

&lt;blockquote&gt;
  &lt;p&gt;The HTML Preformatted Text (&amp;lt;pre&amp;gt;) represents preformatted text. Text within
this element is typically displayed in a non-proportional font exactly as it is
laid out in the file. &lt;strong&gt;Whitespaces inside this element are displayed as typed&lt;/strong&gt;.&lt;/p&gt;
&lt;/blockquote&gt;

&lt;p&gt;So, I guess this is crystal clear now, don’t forget to indent the &lt;em&gt;pre&lt;/em&gt; tag and delete all the those spaces inside it.&lt;/p&gt;

&lt;figure class=&quot;highlight&quot;&gt;&lt;pre&gt;&lt;code class=&quot;language-html&quot; data-lang=&quot;html&quot;&gt;&lt;span class=&quot;nt&quot;&gt;&amp;lt;pre&amp;gt;&amp;lt;code&lt;/span&gt; &lt;span class=&quot;na&quot;&gt;data-trim&lt;/span&gt; &lt;span class=&quot;na&quot;&gt;class=&lt;/span&gt;&lt;span class=&quot;s&quot;&gt;&quot;php5&quot;&lt;/span&gt;&lt;span class=&quot;nt&quot;&gt;&amp;gt;&lt;/span&gt;
&lt;span class=&quot;ni&quot;&gt;&amp;amp;lt;&lt;/span&gt;?php

echo &quot;Hello world!&quot;;

?&lt;span class=&quot;ni&quot;&gt;&amp;amp;gt;&lt;/span&gt;
&lt;span class=&quot;nt&quot;&gt;&amp;lt;/code&amp;gt;&amp;lt;/pre&amp;gt;&lt;/span&gt;&lt;/code&gt;&lt;/pre&gt;&lt;/figure&gt;</content><author><name>Sergio Flores</name><email>byoigres@gmail.com</email></author><summary type="html">This morning when I was trying to edit some slides using reveal.js I started to add the pretty Monokai style that SublimeText uses, everything was doing well until thanks to box-shadow property of an pre element I noticed some kind of space that wasn’t a margin or padding inside pre tag.</summary></entry></feed>